h3_cell,community,community_size
89266419157ffff,0,77
89266419493ffff,0,77
89266419607ffff,0,77
892664520afffff,0,77
89266452147ffff,0,77
89266452c87ffff,0,77
89266452dabffff,0,77
89266456067ffff,0,77
89266456137ffff,0,77
892664562dbffff,0,77
89266456413ffff,0,77
89266457013ffff,0,77
892664c13d3ffff,0,77
892664c1a87ffff,0,77
892664c1b47ffff,0,77
892664c1ecfffff,0,77
892664c80afffff,0,77
892664c81b7ffff,0,77
892664c8cabffff,0,77
892664c8d6bffff,0,77
892664ca0abffff,0,77
892664ca103ffff,0,77
892664ca6b7ffff,0,77
892664ca913ffff,0,77
892664caaafffff,0,77
892664cac3bffff,0,77
892664cb58fffff,0,77
892664cc217ffff,0,77
892664cc3b3ffff,0,77
892664cc46fffff,0,77
892664cc4dbffff,0,77
892664cc563ffff,0,77
892664cc5d7ffff,0,77
892664cc847ffff,0,77
892664cc8b3ffff,0,77
892664ccb73ffff,0,77
892664ccc7bffff,0,77
892664ccd9bffff,0,77
892664cce7bffff,0,77
892664cd1b3ffff,0,77
892664cd3b3ffff,0,77
892664cd897ffff,0,77
892664cd973ffff,0,77
892664cdb0fffff,0,77
892664ce203ffff,0,77
892664ce35bffff,0,77
892664cea67ffff,0,77
892664cf017ffff,0,77
892664cf12bffff,0,77
892664cf2bbffff,0,77
892664cf33bffff,0,77
892664cf507ffff,0,77
892664cf553ffff,0,77
892664cf617ffff,0,77
892664d9bcbffff,0,77
892759369bbffff,0,77
892664c1607ffff,0,77
892664cd08bffff,0,77
892664cd4cbffff,0,77
892664d88bbffff,0,77
892664d8973ffff,0,77
892664d8ccfffff,0,77
892664d9993ffff,0,77
892664ca58fffff,0,77
892664cae4fffff,0,77
892664cb1a7ffff,0,77
892664cd29bffff,0,77
892664d8aa7ffff,0,77
892664d8e1bffff,0,77
892664d9857ffff,0,77
892664d9937ffff,0,77
8926641962fffff,1,337
892664c1b6fffff,1,337
8926641b28fffff,1,337
892664c1b0bffff,1,337
892664ca3cfffff,0,77
892664cb057ffff,0,77
892664cb387ffff,0,77
892664cd6cfffff,0,77
89275936d53ffff,0,77
89266452183ffff,1,337
89266452133ffff,1,337
89266452513ffff,1,337
89266452533ffff,1,337
89266452c07ffff,1,337
892664564abffff,1,337
892664c1007ffff,1,337
892664c100bffff,1,337
892664c101bffff,1,337
892664c102fffff,1,337
892664c1047ffff,1,337
892664c104fffff,1,337
892664c1057ffff,1,337
892664c105bffff,1,337
892664c1067ffff,1,337
892664c106fffff,1,337
892664c108fffff,1,337
892664c10cbffff,1,337
892664c10d3ffff,1,337
892664c10d7ffff,1,337
892664c10dbffff,1,337
892664c114fffff,1,337
892664c116fffff,1,337
892664c1217ffff,1,337
892664c1233ffff,1,337
892664c124bffff,1,337
892664c1257ffff,1,337
892664c1267ffff,1,337
892664c126bffff,1,337
892664c1293ffff,1,337
892664c129bffff,1,337
892664c12b3ffff,1,337
892664c12bbffff,1,337
892664c12d7ffff,1,337
892664c12dbffff,1,337
892664c1313ffff,1,337
892664c1327ffff,1,337
892664c1333ffff,1,337
892664c1377ffff,1,337
892664c1383ffff,1,337
892664c13afffff,1,337
892664c13b7ffff,1,337
892664c13bbffff,1,337
892664c13cfffff,1,337
892664c13dbffff,1,337
892664c144bffff,1,337
892664c144fffff,1,337
892664c160fffff,1,337
892664c1617ffff,1,337
892664c161bffff,1,337
892664c162fffff,1,337
892664c1633ffff,1,337
892664c163bffff,1,337
892664c1643ffff,1,337
892664c1657ffff,1,337
892664c1663ffff,1,337
892664c166bffff,1,337
892664c1677ffff,1,337
892664c167bffff,1,337
892664c168fffff,1,337
892664c1693ffff,1,337
892664c16a3ffff,1,337
892664c16abffff,1,337
892664c16bbffff,1,337
892664c16dbffff,1,337
892664c1a07ffff,1,337
892664c1a63ffff,1,337
892664c1a8bffff,1,337
892664c1aa7ffff,1,337
892664c1ab3ffff,1,337
892664c1acfffff,1,337
892664c1adbffff,1,337
892664c1e0fffff,1,337
892664c1e13ffff,1,337
892664c1e2fffff,1,337
892664c1e33ffff,1,337
892664c1e4fffff,1,337
892664c1e5bffff,1,337
892664c1e73ffff,1,337
892664c1e8fffff,1,337
892664c1ea7ffff,1,337
892664c1eabffff,1,337
892664c1ec7ffff,1,337
892664c1ed3ffff,1,337
892664c1ed7ffff,1,337
892664ca013ffff,1,337
892664ca10fffff,1,337
892664ca123ffff,1,337
892664ca1a3ffff,1,337
892664ca427ffff,1,337
892664ca483ffff,1,337
892664ca51bffff,1,337
892664ca537ffff,1,337
892664ca583ffff,1,337
892664ca597ffff,1,337
892664ca807ffff,1,337
892664ca82fffff,1,337
892664ca883ffff,1,337
892664ca88bffff,1,337
892664ca897ffff,1,337
892664ca943ffff,1,337
892664ca963ffff,1,337
892664ca993ffff,1,337
892664ca9bbffff,1,337
892664ca9c3ffff,1,337
892664cac03ffff,1,337
892664cac17ffff,1,337
892664cac2bffff,1,337
892664cac37ffff,1,337
892664cac63ffff,1,337
892664cac67ffff,1,337
892664cac83ffff,1,337
892664cac8bffff,1,337
892664cac9bffff,1,337
892664caca3ffff,1,337
892664caccfffff,1,337
892664cacdbffff,1,337
892664cad17ffff,1,337
892664cad1bffff,1,337
892664cad43ffff,1,337
892664cad57ffff,1,337
892664cad77ffff,1,337
892664cad8bffff,1,337
892664caddbffff,1,337
892664cc48bffff,1,337
892664cc4a7ffff,1,337
892664cc4afffff,1,337
892664cc527ffff,1,337
892664cc553ffff,1,337
892664cc573ffff,1,337
892664cc58fffff,1,337
892664cc5c7ffff,1,337
892664cc5cfffff,1,337
892664ccc07ffff,1,337
892664cce4fffff,1,337
892664cced3ffff,1,337
892664cddbbffff,1,337
892664ce207ffff,1,337
892664ce227ffff,1,337
892664ce24fffff,1,337
892664ce347ffff,1,337
892664ce34fffff,1,337
892664ce367ffff,1,337
892664ce36fffff,1,337
892664ce377ffff,1,337
892664cea4fffff,1,337
892664ceb1bffff,1,337
892664cf003ffff,1,337
892664cf023ffff,1,337
892664cf1bbffff,1,337
892664cf213ffff,1,337
892664cf3bbffff,1,337
892664cf413ffff,1,337
892664cf44bffff,1,337
892664cf497ffff,1,337
892664cf4afffff,1,337
892664cf50fffff,1,337
892664cf513ffff,1,337
892664cf53bffff,1,337
892664cf57bffff,1,337
892664cf5afffff,1,337
892664cf6afffff,1,337
892664d8833ffff,1,337
892664d883bffff,1,337
892664d8847ffff,1,337
892664d888fffff,1,337
892664d8893ffff,1,337
892664d8903ffff,1,337
892664d8913ffff,1,337
892664d8923ffff,1,337
892664d894fffff,1,337
892664d895bffff,1,337
892664d896fffff,1,337
892664d8977ffff,1,337
892664d89cfffff,1,337
892664d89dbffff,1,337
892664d8a37ffff,1,337
892664d8a4fffff,1,337
892664d8b17ffff,1,337
892664d8b1bffff,1,337
892664d8b23ffff,1,337
892664d8b5bffff,1,337
892664d8b6bffff,1,337
892664d8b77ffff,1,337
892664d8b93ffff,1,337
892664d8b9bffff,1,337
892664d8ba3ffff,1,337
892664d8bc3ffff,1,337
892664d8c17ffff,1,337
892664d8c1bffff,1,337
892664d8c3bffff,1,337
892664d8cd3ffff,1,337
892664d8d5bffff,1,337
892664d8d6fffff,1,337
892664d8d7bffff,1,337
892664d8e57ffff,1,337
892664d8e77ffff,1,337
892664d9d77ffff,1,337
89275934cdbffff,1,337
89275936bb3ffff,1,337
89275936bc7ffff,1,337
89266456253ffff,1,337
892664562bbffff,1,337
89266456503ffff,1,337
892664c1077ffff,1,337
892664cab63ffff,1,337
892664c16c7ffff,1,337
892664ca903ffff,1,337
89266456293ffff,1,337
892664ca63bffff,1,337
892664cca5bffff,1,337
892664ccccfffff,1,337
892664cf10fffff,1,337
8926645663bffff,1,337
892664ca027ffff,1,337
892664ca0a7ffff,1,337
892664ca0d3ffff,1,337
892664ca107ffff,1,337
892664ca14fffff,1,337
892664ca18bffff,1,337
892664ca1cfffff,1,337
892664ca44fffff,1,337
892664ca4afffff,1,337
892664ca54fffff,1,337
892664ca567ffff,1,337
892664ca5a7ffff,1,337
892664ca5b3ffff,1,337
892664ca8b7ffff,1,337
892664ca937ffff,1,337
892664cab07ffff,1,337
892664cac47ffff,1,337
892664cac6bffff,1,337
892664caea3ffff,1,337
892664cc103ffff,1,337
892664cc2a3ffff,1,337
892664cc303ffff,1,337
892664cc363ffff,1,337
892664cc3bbffff,1,337
892664cc4c3ffff,1,337
892664cc687ffff,1,337
892664cc8a3ffff,1,337
892664cc953ffff,1,337
892664cce1bffff,1,337
892664cce77ffff,1,337
892664cceb7ffff,1,337
892664cea07ffff,1,337
892664cf0a7ffff,1,337
892664cf193ffff,1,337
892664cf1d7ffff,1,337
892664cf457ffff,1,337
892664cf527ffff,1,337
892664cf587ffff,1,337
892664cf66bffff,1,337
892664d81afffff,1,337
892664d81b7ffff,1,337
892664d8813ffff,1,337
892664d88b3ffff,1,337
892664d88dbffff,1,337
892664d8aabffff,1,337
892664d8b0bffff,1,337
892664d8b37ffff,1,337
892664d8c27ffff,1,337
892664d8c53ffff,1,337
892664d8c7bffff,1,337
892664d8cc7ffff,1,337
892664d8d4bffff,1,337
892664d8d6bffff,1,337
892664d8e37ffff,1,337
892664d8e6bffff,1,337
892664d8ebbffff,1,337
892664d997bffff,1,337
892664d99cfffff,1,337
892664d9b27ffff,1,337
892664d9b43ffff,1,337
892664d9e77ffff,1,337
89275936983ffff,1,337
892664cf52fffff,1,337
892664c8d23ffff,1,337
892664ca2d7ffff,1,337
892664ca673ffff,1,337
892664d8e03ffff,1,337
892759369a7ffff,1,337
892664cc0b3ffff,1,337
892664cc56fffff,1,337
892664cc62fffff,1,337
892664cca2bffff,1,337
892664ccb67ffff,1,337
892664ccc2bffff,1,337
892664ce267ffff,1,337
892664ce2c7ffff,1,337
892664ce2cfffff,1,337
892664cf5cfffff,1,337
892664d8c6fffff,1,337
892664ca9abffff,1,337
892664cc5abffff,1,337
892664d8a83ffff,1,337
892664d98a3ffff,1,337
892664529dbffff,1,337
892664d83b7ffff,1,337
892664ca1c7ffff,1,337
892664ca613ffff,1,337
892664ca84fffff,1,337
892664cac0bffff,1,337
892664cae2fffff,1,337
892664ccd37ffff,1,337
892664d8133ffff,1,337
892664d88a7ffff,1,337
892664d8c23ffff,1,337
892664cc433ffff,1,337
892664ca6afffff,1,337
892664cc453ffff,1,337
892664cc48fffff,1,337
892664cc803ffff,1,337
892664d8a0fffff,1,337
892664c8073ffff,1,337
892664c8b6fffff,0,77
892664c8b77ffff,1,337
892664cc1afffff,1,337
892664cc1b7ffff,1,337
892664cc337ffff,1,337
892664ccc83ffff,1,337
8927593697bffff,1,337
892664cc28bffff,1,337
892664cc393ffff,1,337
892664cce93ffff,1,337
892664cd447ffff,1,337
892664cd52fffff,1,337
892664cd937ffff,1,337
892664ce247ffff,1,337
892664cea0bffff,1,337
892664cf247ffff,1,337
892664cf467ffff,1,337
892664d8c03ffff,1,337
892664d98cfffff,1,337
