h3_cell,in_strength,out_strength,total_flow,pagerank,betweenness,betweenness_norm,rank
892664c1ecfffff,1246584.0,1777866.0,3024450.0,0.03641678391318157,711.175,0.027559148417622206,1
892664c1a8bffff,1022726.0,946007.0,1968733.0,0.08101066779270757,12876.490079365076,0.4989842179425066,2
892664c1a87ffff,742976.0,1085065.0,1828041.0,0.019657400602694476,0.0,0.0,3
892664c1e2fffff,779050.0,982580.0,1761630.0,0.06215498831349163,9324.627716727724,0.3613439718555532,4
892664ca913ffff,707028.0,815548.0,1522576.0,0.01965524710675445,251.25874125874122,0.009736670920061287,5
892664c1acfffff,497960.0,830598.0,1328558.0,0.038545342934141,11234.04855699855,0.43533702887910525,6
892664c1607ffff,658426.0,599193.0,1257619.0,0.014996205871395177,4.0,0.00015500628350334142,7
892664c1e0fffff,524269.0,644188.0,1168457.0,0.04171597872471062,5414.454029304028,0.20981859907052738,8
892664c13d3ffff,578988.0,407194.0,986182.0,0.012392219899329773,25805.405494505474,1.0,9
892664c1eabffff,364007.0,414666.0,778673.0,0.03328114787951187,9023.59474136974,0.34967847117500467,10
892664c1b0bffff,393296.0,348069.0,741365.0,0.03558227757432742,16204.204822954824,0.6279383916832869,11
892664c1e33ffff,360189.0,331347.0,691536.0,0.02748173260496385,5826.908269508272,0.22580184879284093,12
892664d8973ffff,312505.0,292016.0,604521.0,0.008216722663769275,0.0,0.0,13
892664cac3bffff,397334.0,203216.0,600550.0,0.008739291602443081,0.0,0.0,14
892664c1adbffff,265588.0,309143.0,574731.0,0.02081137918678508,3665.5125513375565,0.1420443694294214,15
892664c1b47ffff,280073.0,282843.0,562916.0,0.008640345173968392,0.0,0.0,16
892664c1e13ffff,262630.0,280301.0,542931.0,0.020342146529660658,2343.2876984126974,0.09080607932751275,17
892664c1e73ffff,322288.0,175160.0,497448.0,0.024139186804207617,2019.7353174603168,0.07826791630499129,18
892664c1ab3ffff,261332.0,235146.0,496478.0,0.019132828302539796,3772.478427128431,0.14618946514642728,19
892664c1e8fffff,213482.0,258564.0,472046.0,0.016366557123947408,2454.8389249639235,0.09512886458949896,20
892664d88bbffff,252526.0,217957.0,470483.0,0.006572464141432289,0.0,0.0,21
892664520afffff,127213.0,323131.0,450344.0,0.0038654754338748893,0.0,0.0,22
89266452183ffff,130223.0,319027.0,449250.0,0.010909521905210757,14007.553327228334,0.5428146955571321,23
892664c1e4fffff,263544.0,144491.0,408035.0,0.021598584721486215,2678.764957264957,0.10380635010115705,24
892664cad77ffff,299552.0,81117.0,380669.0,0.023620043866713174,3888.0960317460317,0.15066982894626055,25
892664c1aa7ffff,149292.0,184596.0,333888.0,0.011270850655889618,1923.0607142857132,0.07452162356817738,26
892664cc5d7ffff,177714.0,140099.0,317813.0,0.005048207540176247,6.95,0.0002693234175870557,27
892664cf507ffff,159506.0,134899.0,294405.0,0.005489573922747403,0.0,0.0,28
892664c1ea7ffff,140998.0,131328.0,272326.0,0.011189142635845561,4938.505194805194,0.19137483407717457,29
892664cea67ffff,144389.0,120467.0,264856.0,0.0048482237906845435,0.0,0.0,30
892664cc4dbffff,141266.0,122503.0,263769.0,0.005184248360865172,0.0,0.0,31
892664d8e1bffff,125019.0,117801.0,242820.0,0.0038560601618565452,17.25,0.0006684645976081599,32
892664ca103ffff,160791.0,80029.0,240820.0,0.004188441904621692,0.0,0.0,33
892664c1b6fffff,113850.0,115464.0,229314.0,0.009674395991084625,3087.1119047619045,0.11963043577901603,34
892664d8ccfffff,125906.0,102507.0,228413.0,0.0035675010219188433,66.75,0.00258666735596201,35
892664cce7bffff,117368.0,103431.0,220799.0,0.0042020116814064775,74.08333333333334,0.0028708455423848028,36
892664ce35bffff,109107.0,94896.0,204003.0,0.0036267832235969666,11.950000000000001,0.00046308127196623253,37
892664cc3b3ffff,108069.0,89707.0,197776.0,0.004030387758878721,0.0,0.0,38
892664c116fffff,94306.0,90223.0,184529.0,0.007607310899999207,1892.9504329004324,0.07335480286498432,39
892664d8aa7ffff,102153.0,69662.0,171815.0,0.0030707524573396813,86.9,0.0033675115091100927,40
892664c1ed7ffff,80331.0,74955.0,155286.0,0.006518879209473007,1378.3751082251076,0.05341420069987249,41
892664ca6b7ffff,84814.0,58234.0,143048.0,0.002907191545361568,110.02380952380909,0.004263595452791297,42
892664ca58fffff,94020.0,48050.0,142070.0,0.002590017493434326,69.78333333333333,0.0027042137876187107,43
892664cf553ffff,82092.0,58052.0,140144.0,0.00285269904369653,6415.842918192919,0.24862399157257922,44
892664cc563ffff,76107.0,57505.0,133612.0,0.002738303508683661,32.28333333333333,0.0012510298797748847,45
89266456413ffff,71712.0,59196.0,130908.0,0.002899225666050057,64.56666666666666,0.0025020597595497695,46
892664cc217ffff,69799.0,53391.0,123190.0,0.002920459657980582,0.0,0.0,47
892664ce203ffff,52506.0,47765.0,100271.0,0.0022326486385068956,2315.083333333335,0.0897131158751319,48
892664cf617ffff,67183.0,32759.0,99942.0,0.0021573442154807342,15.7,0.000608399662750615,49
89266456067ffff,41692.0,54680.0,96372.0,0.002130260521551992,374.2166666666667,0.014501483681252189,50
892664c1ec7ffff,43563.0,48952.0,92515.0,0.003990849487972894,852.213131313132,0.03302459755939842,51
892664c80afffff,50962.0,40436.0,91398.0,0.002004349979168782,3.0,0.00011625471262750607,52
892664cd897ffff,50699.0,39410.0,90109.0,0.002071703526953435,0.0,0.0,53
892664ccd9bffff,47027.0,42099.0,89126.0,0.0019703061131608247,21.2,0.0008215333025677095,54
892664ca0abffff,54464.0,31195.0,85659.0,0.0019230261969232863,243.40000000000006,0.009432132351178329,55
892664cd973ffff,43533.0,37398.0,80931.0,0.001973436240255107,20.166666666666664,0.0007814900126626796,56
892664c114fffff,56036.0,22640.0,78676.0,0.004969194125054038,1309.7999999999995,0.05075680753316913,57
892664562dbffff,42463.0,35896.0,78359.0,0.002066915865876445,33.33333333333333,0.0012917190291945116,58
892759369bbffff,43450.0,34790.0,78240.0,0.0017005866916361759,2433.0833333333326,0.09428580123848038,59
892664d9937ffff,46575.0,31654.0,78229.0,0.0017878849348607548,16.916666666666664,0.0006555474073162146,60
892664cf12bffff,40464.0,36390.0,76854.0,0.0019686741504269726,0.0,0.0,61
892664c1ed3ffff,39825.0,33838.0,73663.0,0.0036731930535117987,981.0682900432905,0.03801793737564717,62
892664ca993ffff,53709.0,13906.0,67615.0,0.004568339997806602,1044.3051948051948,0.040468466772496554,63
892664c1a07ffff,43899.0,21744.0,65643.0,0.0040013772965932235,1520.065115440115,0.05890491105686247,64
892664ccb73ffff,36207.0,28552.0,64759.0,0.0018645467242930202,6.5,0.0002518852106929298,65
892664cc46fffff,34434.0,29287.0,63721.0,0.0016258921807552314,95.78333333333335,0.0037117546303904302,66
892664cb58fffff,37523.0,24461.0,61984.0,0.0015913474073387828,63.08333333333333,0.0024445782627506136,67
892664c1a63ffff,49223.0,12742.0,61965.0,0.00487785613739039,1928.7496087246077,0.07474207716423134,68
89266419607ffff,30119.0,31533.0,61652.0,0.0016270650407207703,13.5,0.0005231462068237773,69
892664ca943ffff,38435.0,20468.0,58903.0,0.0070810673879476965,7787.708369408371,0.3017859328374647,70
892664cc8b3ffff,28032.0,25846.0,53878.0,0.0014274750135533697,46.083333333333336,0.0017858015578614127,71
892664cf017ffff,35424.0,16094.0,51518.0,0.001340103295850265,4164.816666666667,0.16139318824319368,72
892664cf33bffff,29771.0,21081.0,50852.0,0.001456376468050351,16.166666666666664,0.0006264837291593382,73
892664caaafffff,32335.0,17920.0,50255.0,0.0014310619012647126,221.58333333333331,0.008586702246570517,74
892664cd1b3ffff,28796.0,21166.0,49962.0,0.0014374086429814403,7.0,0.0002712609961308475,75
892664cae4fffff,32418.0,16615.0,49033.0,0.0013649023199493319,389.33333333333326,0.015087278260991896,76
892664c13afffff,33285.0,15618.0,48903.0,0.003467163286136535,1380.7690476190478,0.05350696961196921,77
892664cd3b3ffff,27486.0,19066.0,46552.0,0.0013585594978500679,11.333333333333334,0.00043918446992613405,78
892664c8cabffff,26727.0,18709.0,45436.0,0.001315766301245367,19.833333333333336,0.0007685728223707347,79
892664d9bcbffff,24225.0,20720.0,44945.0,0.0011821720639543303,597.2666666666667,0.02314502156510726,80
892664d9993ffff,25545.0,19063.0,44608.0,0.0012071708923780085,605.3423076923068,0.023457965340680162,81
892664d9857ffff,17308.0,24202.0,41510.0,0.0009375742372273836,1255.091025641024,0.04863674883575304,82
892664c13b7ffff,20262.0,20681.0,40943.0,0.0020153893101587435,320.99206349206366,0.012438946698993347,83
892664ccc7bffff,22401.0,17793.0,40194.0,0.00118591699887813,22.25,0.0008622224519873367,84
89266452dabffff,22154.0,16294.0,38448.0,0.0012007437535854792,96.16666666666667,0.003726609399226167,85
892664cb1a7ffff,22900.0,14978.0,37878.0,0.0011718877255134656,1245.2214285714274,0.048254286445394624,86
892664c102fffff,26016.0,9579.0,35595.0,0.002462591914338151,169.1666666666667,0.0065554740731621495,87
89266456137ffff,16012.0,18975.0,34987.0,0.0011190346223265088,992.8333333333336,0.03847385128455855,88
892664cf2bbffff,18460.0,14692.0,33152.0,0.0011595437947545947,9.583333333333332,0.0003713692208934221,89
892664c8d6bffff,21197.0,11160.0,32357.0,0.0010695959628801766,201.88547008547053,0.00782337910281845,90
892664ca9c3ffff,27258.0,4469.0,31727.0,0.0024893176270184966,67.01666666666667,0.002597001108195566,91
892664cdb0fffff,14421.0,15727.0,30148.0,0.00089601186543296,8367.521367521365,0.324254597328571,92
892664cc58fffff,7870.0,20871.0,28741.0,0.0010440562699633139,174.10952380952375,0.006747017552062703,93
892664c1377ffff,22883.0,4648.0,27531.0,0.0023087340556939145,1268.7415806415809,0.0491657292853516,94
892664c81b7ffff,13548.0,8962.0,22510.0,0.0008788875310162209,1496.9761294261293,0.05801017657889033,95
892664cd4cbffff,13215.0,8849.0,22064.0,0.0008889545650719842,80.94999999999999,0.0031369396623988715,96
89266419493ffff,7556.0,13693.0,21249.0,0.0007494956117059757,865.1857142857142,0.03352730552790309,97
892664c144fffff,9864.0,10719.0,20583.0,0.001282745908435093,381.50833333333316,0.01478404721888848,98
89266419157ffff,5435.0,14231.0,19666.0,0.0006848139930226979,5247.583333333333,0.203352097468519,99
892664cad8bffff,16835.0,2376.0,19211.0,0.0017913003988635156,563.4257936507937,0.021833634575932518,100
892664c1007ffff,12236.0,6357.0,18593.0,0.001409867605756602,320.4428571428571,0.012417664090226611,101
892664d8923ffff,9089.0,9044.0,18133.0,0.0013353814026582339,2244.169588744588,0.08696509687563019,102
892664c10d3ffff,8287.0,9662.0,17949.0,0.0011303315931031753,283.5476190476188,0.010987915656198163,103
89266452c87ffff,10439.0,7075.0,17514.0,0.0008124632466554923,500.66666666666663,0.019401619818501567,104
892664cb057ffff,10867.0,5955.0,16822.0,0.0008130113565704657,1975.1999999999998,0.07654210279394999,105
89266452147ffff,10143.0,5434.0,15577.0,0.0007121754062514887,2844.1023809523826,0.11021343499360835,106
892664cad17ffff,12696.0,1449.0,14145.0,0.001458272231513466,59.55,0.0023076560456559954,107
892664c10d7ffff,7391.0,6593.0,13984.0,0.0010512391109499598,49.75277777777777,0.0019279982943252417,108
892664cd29bffff,7717.0,6256.0,13973.0,0.0007045301154622112,1796.7214285714213,0.06962577778341758,109
89275934cdbffff,12975.0,875.0,13850.0,0.0020024641036631707,1493.5349567099568,0.057876825730483576,110
892664cc847ffff,7427.0,5986.0,13413.0,0.0007115456777532374,2498.6500000000015,0.09682661256890607,111
892664c101bffff,6639.0,6178.0,12817.0,0.0010218955440136617,624.7324786324787,0.024209364924162795,112
892664cd6cfffff,7642.0,5018.0,12660.0,0.0006806903202706264,334.7547619047604,0.012972272881975713,113
892664c16bbffff,9455.0,1919.0,11374.0,0.0010808445276308087,1697.7881313131313,0.06579195710273288,114
892664c1327ffff,6583.0,3494.0,10077.0,0.0010174188179604168,87.33571428571426,0.0033843961221345625,115
892664cd08bffff,6594.0,3289.0,9883.0,0.00065935758339701,1913.5595238095302,0.07415343751203476,116
892664ca3cfffff,6924.0,2939.0,9863.0,0.0006533775616475415,3453.9166666666665,0.13384469650756234,117
892664c16abffff,4815.0,4603.0,9418.0,0.0008449026012730781,167.6095238095238,0.006495132341369775,118
892664cf4afffff,7606.0,896.0,8502.0,0.00101513376328287,13.683333333333334,0.0005302506614843471,119
892664c1617ffff,5560.0,2457.0,8017.0,0.0008538850437919347,117.44999999999999,0.004551371999366862,120
892664c13cfffff,6653.0,865.0,7518.0,0.000978329472639603,105.89523809523806,0.004103606824461078,121
89275936d53ffff,3174.0,4081.0,7255.0,0.0005595481628735564,570.1452380952379,0.022094023603567638,122
89266457013ffff,2995.0,4058.0,7053.0,0.0005423759154944821,18440.683333333338,0.7146054471905027,123
892664cb387ffff,3468.0,2157.0,5625.0,0.0005823655982652713,9552.41196581197,0.3701709693283403,124
892664c106fffff,4915.0,709.0,5624.0,0.0008656528244050584,137.9,0.0053438416237776955,125
892664cddbbffff,3497.0,2019.0,5516.0,0.0009597478114133763,1267.7047619047614,0.04912555093058635,126
892664c144bffff,2549.0,2827.0,5376.0,0.000654255794435193,49.75,0.001927890651072809,127
892664ce347ffff,2880.0,2436.0,5316.0,0.0007861811565070818,250.69404761904767,0.009714788154459569,128
892664c1633ffff,2494.0,2763.0,5257.0,0.0006776332440914241,330.7690476190477,0.012817820192342086,129
892664c1047ffff,3689.0,1536.0,5225.0,0.0007710925126155577,87.48333333333332,0.0033901165921209958,130
892664c1693ffff,2327.0,2881.0,5208.0,0.0006859120563254559,493.7785714285713,0.01913469530768301,131
892664cac03ffff,4583.0,421.0,5004.0,0.0008629151007954355,787.9956709956712,0.03053607009444019,132
892664c105bffff,3006.0,1826.0,4832.0,0.0007460761854837199,439.16666666666634,0.017018398209637683,133
892664d8913ffff,2313.0,2285.0,4598.0,0.0006671627926193812,1145.1404761904757,0.044375992325883074,134
892664d8d6fffff,2099.0,2433.0,4532.0,0.000664431383779032,625.0199134199136,0.024220503473700257,135
892664cc553ffff,3161.0,1232.0,4393.0,0.0007999908557255255,261.1964646464646,0.010121773312265098,136
892664d896fffff,1899.0,2218.0,4117.0,0.0006689788464828219,818.6162698412702,0.03172266640086594,137
892664c1067ffff,3461.0,447.0,3908.0,0.0007322488477420419,20.749999999999996,0.0008040950956735835,138
892664c1333ffff,2817.0,928.0,3745.0,0.0006931994224778905,587.276984126984,0.022757905674143656,139
892664c1233ffff,3071.0,253.0,3324.0,0.0007039605194730297,801.1750360750362,0.031046791194411717,140
892664c100bffff,2358.0,964.0,3322.0,0.0006457557264545908,449.0246753246752,0.01740041153084311,141
892664c10dbffff,2167.0,916.0,3083.0,0.0006449463743226861,776.5416666666665,0.03009220943387264,142
892664cf497ffff,2498.0,422.0,2920.0,0.0006523932003029715,36.31666666666667,0.0014073278823074208,143
892664c104fffff,2236.0,500.0,2736.0,0.0006458981158181744,69.76666666666668,0.002703567928104114,144
892664c108fffff,1551.0,799.0,2350.0,0.0005785082160246295,412.3999999999999,0.0159811478291945,145
892664d89cfffff,1330.0,962.0,2292.0,0.0006265139394323704,478.381818181818,0.018538046932983703,146
892664c1313ffff,2104.0,64.0,2168.0,0.0006239762911869116,827.1643939393939,0.03205391963770982,147
892664c1057ffff,1398.0,477.0,1875.0,0.000579365053889419,811.5358585858596,0.03144828934227184,148
892664cf5afffff,1140.0,658.0,1798.0,0.0006169718706227302,492.6325396825397,0.01909028477725071,149
892664c10cbffff,855.0,498.0,1353.0,0.000532777491595668,588.3484848484849,0.022799428010296406,150
892664ce36fffff,1081.0,158.0,1239.0,0.0005445422310608849,464.71190476190475,0.018008316314225403,151
892664cf513ffff,776.0,439.0,1215.0,0.0005339574685199022,3138.9690476190476,0.12163998152586293,152
892664ca963ffff,862.0,317.0,1179.0,0.0005497456292682712,214.7373015873016,0.00832140776214595,153
892664cf57bffff,1048.0,103.0,1151.0,0.0005361420186735581,335.56666666666666,0.01300373546690115,154
892664cac17ffff,1009.0,108.0,1117.0,0.0005488605990479036,42.55833333333334,0.0016492022705240931,155
892664cac37ffff,1066.0,33.0,1099.0,0.0005488031673410996,28.976190476190478,0.0011228728989498007,156
892664c162fffff,872.0,184.0,1056.0,0.0005362675157172018,166.18333333333337,0.0064398652200492405,157
892664c163bffff,424.0,507.0,931.0,0.0005041595245434518,760.1742424242423,0.029457946033287472,158
892664c168fffff,545.0,351.0,896.0,0.0005114166416561987,641.0500000000002,0.02484169450995426,159
892664ce207ffff,443.0,451.0,894.0,0.0005109504022792171,370.1944444444443,0.014345616251729377,160
892664c12b3ffff,835.0,59.0,894.0,0.0005302451393755828,25.53333333333334,0.0009894567763629963,161
892664ca9bbffff,787.0,72.0,859.0,0.0005275891229684012,227.8428571428571,0.008829268627124257,162
892664d8977ffff,338.0,515.0,853.0,0.0004977629497541912,275.56515151515146,0.0106785824998497,163
892664caddbffff,824.0,28.0,852.0,0.0005272522946289177,45.53055555555555,0.0017643805506272702,164
892664c1267ffff,753.0,50.0,803.0,0.0005284781113709798,271.4888888888889,0.010520620919779568,165
892664d8d7bffff,476.0,274.0,750.0,0.0005058877112109197,528.5333333333333,0.02048149692690818,166
892664d894fffff,578.0,162.0,740.0,0.0005111846347464931,1030.6428571428573,0.03993902972624489,167
892664c1e5bffff,555.0,178.0,733.0,0.0005084606451209782,68.28571428571428,0.0026461786969498996,168
892664c1293ffff,657.0,73.0,730.0,0.0005239735440035566,1065.3489621489623,0.04128394581421315,169
892664cf1bbffff,406.0,307.0,713.0,0.0005116218476896286,996.7666666666667,0.03862627413000349,170
892664c13dbffff,680.0,10.0,690.0,0.0005162553879101833,220.57301587301586,0.008547550857899931,171
892664d895bffff,542.0,136.0,678.0,0.0005053220513746554,2260.8011904761893,0.087609597568911,172
892664d8893ffff,410.0,268.0,678.0,0.00049508600472042,633.1150793650793,0.024534203870575998,173
892664ce24fffff,391.0,283.0,674.0,0.0005236753272830792,42.49999999999999,0.0016469417622230025,174
892664c1217ffff,670.0,0.0,670.0,0.000518200299606908,0.0,0.0,175
892664cad1bffff,643.0,9.0,652.0,0.000515722383541472,24.666666666666664,0.0009558720816039386,176
892664d89dbffff,345.0,290.0,635.0,0.000493509835242262,822.3285714285715,0.031866523918938724,177
892664cac2bffff,608.0,13.0,621.0,0.0005150539237884308,57.057575757575755,0.002211070690973042,178
892664d888fffff,528.0,71.0,599.0,0.0005125535358201358,39.6,0.00153456220668308,179
892664d8833ffff,542.0,8.0,550.0,0.0005053579556603707,121.75757575757575,0.004718297326639589,180
892664cab63ffff,516.0,21.0,537.0,0.0005029980547210766,0.0,0.0,181
892664c12bbffff,495.0,24.0,519.0,0.0005042903561778736,0.0,0.0,182
892664cf1d7ffff,498.0,0.0,498.0,0.0005013584315276964,0.0,0.0,183
892664c1383ffff,449.0,37.0,486.0,0.0004992063281854845,19.65,0.0007614683677101647,184
892664ca807ffff,440.0,39.0,479.0,0.0005046180039346238,179.98134920634922,0.006974560010098316,185
892664c13bbffff,445.0,6.0,451.0,0.0004995625241753819,514.8682900432901,0.019951955033332712,186
892664c1657ffff,411.0,36.0,447.0,0.000499054901405418,384.3849567099569,0.0148955208935508,187
892664ca63bffff,254.0,193.0,447.0,0.0004904488315850529,148.081746031746,0.005738400276766657,188
892664ceb1bffff,299.0,148.0,447.0,0.0004956498943360262,598.998484848485,0.023212132240124056,189
892664d8d5bffff,305.0,124.0,429.0,0.0004905658043093332,386.7266233766235,0.014986264155351712,190
892664cf213ffff,203.0,217.0,420.0,0.0008822035902467361,688.9205128205128,0.026696752080380942,191
892664ce367ffff,313.0,89.0,402.0,0.0004907524131065184,4.0,0.00015500628350334142,192
892664c129bffff,376.0,26.0,402.0,0.0004933360278379978,13.583333333333332,0.0005263755043967635,193
892664caca3ffff,392.0,6.0,398.0,0.0004973339841904447,6.170634920634921,0.0002391217964758888,194
892664c124bffff,387.0,0.0,387.0,0.0004959833943341482,0.0,0.0,195
89275936bc7ffff,359.0,27.0,386.0,0.0005093724086079695,40.60753968253968,0.0015736059521012332,196
892664ca82fffff,330.0,56.0,386.0,0.0004930146575545219,41.321825396825396,0.0016012856455839728,197
892664ce227ffff,295.0,82.0,377.0,0.0004936752282386768,548.7242063492063,0.021263924973627772,198
892664c126bffff,353.0,11.0,364.0,0.0004949671137969046,231.2607142857143,0.008961715960439168,199
892664d8b77ffff,341.0,5.0,346.0,0.0004947887104358939,399.3738095238095,0.015476362485714273,200
892664c1257ffff,274.0,48.0,322.0,0.000488340811675215,471.73690476190495,0.018280546099628155,201
892664cce4fffff,138.0,175.0,313.0,0.0004803588043040273,479.2710317460319,0.018572505355441093,202
892664cf44bffff,310.0,0.0,310.0,0.0004896402509862839,0.0,0.0,203
892664cc527ffff,219.0,90.0,309.0,0.0004887762441448126,183.12857142857146,0.007096519815104765,204
892664cc5cfffff,305.0,0.0,305.0,0.00048477360289232133,0.0,0.0,205
892664caccfffff,303.0,0.0,303.0,0.0004924114741133111,0.0,0.0,206
892664cac9bffff,303.0,0.0,303.0,0.0004894931074194462,0.0,0.0,207
892664ccccfffff,232.0,56.0,288.0,0.0004911179691163772,13.366666666666664,0.0005179793307069991,208
892664c16a3ffff,137.0,151.0,288.0,0.0004767538719654679,548.3318181818182,0.021248719315748395,209
892664cac8bffff,279.0,0.0,279.0,0.0004884001398229012,0.0,0.0,210
892664cf587ffff,129.0,150.0,279.0,0.0004784077767644227,585.4920634920636,0.022688737195651797,211
892664d8903ffff,133.0,145.0,278.0,0.00048089390797905916,701.2544011544009,0.027174709628326243,212
892664c167bffff,257.0,20.0,277.0,0.00048634085186173196,214.11468253968246,0.008297280295993492,213
892664c1077ffff,142.0,134.0,276.0,0.0004794184010034493,187.79999999999998,0.007277545010481879,214
892664cad57ffff,271.0,0.0,271.0,0.000487799645259298,0.0,0.0,215
892664cad43ffff,248.0,5.0,253.0,0.0004848607570181705,111.31904761904761,0.0043137879636400145,216
892664d8b93ffff,232.0,9.0,241.0,0.00048376875622584294,0.0,0.0,217
892664d8c3bffff,128.0,98.0,226.0,0.00047760139597440433,287.1845238095239,0.011128851428847793,218
892664ce377ffff,190.0,33.0,223.0,0.00048251106159821376,264.668253968254,0.010256310602234388,219
892664cac67ffff,214.0,0.0,214.0,0.00048555223698869813,0.0,0.0,220
892664c161bffff,142.0,69.0,211.0,0.00047727274425085446,821.1896825396826,0.031822390185441245,221
892664d8a37ffff,171.0,24.0,195.0,0.00048123018057667197,131.39090909090908,0.005091604126076803,222
892664d88dbffff,110.0,80.0,190.0,0.00047729937061963924,660.402777777778,0.025591645049654114,223
892664d8ebbffff,106.0,84.0,190.0,0.0004748571948615067,91.85238095238097,0.0035594240505904206,224
892664ca583ffff,184.0,0.0,184.0,0.000478979954801394,0.0,0.0,225
892664cf50fffff,170.0,0.0,170.0,0.0004779103303092598,0.0,0.0,226
892664d8c17ffff,164.0,0.0,164.0,0.00047772444051701334,0.0,0.0,227
892664d8d4bffff,97.0,67.0,164.0,0.0004744106738076835,228.8107142857143,0.008866774611793372,228
892664d8cd3ffff,112.0,50.0,162.0,0.0004759701724817403,888.3841020091022,0.03442627949397107,229
892664cc2a3ffff,108.0,47.0,155.0,0.00047977763821380187,89.39047619047619,0.003464021373719911,230
89266452533ffff,106.0,43.0,149.0,0.00047322801223718416,819.5857142857144,0.03176023389596501,231
892664d883bffff,139.0,5.0,144.0,0.00047683749118227896,84.97142857142858,0.003292776336706696,232
892664cf193ffff,97.0,47.0,144.0,0.0004771792271950452,169.44999999999996,0.006566453684910299,233
892664cc8a3ffff,78.0,59.0,137.0,0.00047551144610156185,337.0666666666666,0.013061862823214901,234
892664d8b9bffff,119.0,13.0,132.0,0.0004760037723600295,199.66273448773447,0.007737244606764539,235
892664ca897ffff,130.0,0.0,130.0,0.00047756942981431755,0.0,0.0,236
892664d8e77ffff,63.0,66.0,129.0,0.00047388865340086293,300.0083333333334,0.011625794192507907,237
892664ccc07ffff,66.0,62.0,128.0,0.0004760469281916117,263.73333333333335,0.010220080958986978,238
892664d81afffff,85.0,42.0,127.0,0.00047350262836979467,430.41666666666686,0.016679321964474143,239
892664ca8b7ffff,122.0,0.0,122.0,0.0004757194274201306,0.0,0.0,240
892664cf6afffff,105.0,6.0,111.0,0.0004749378317623034,168.07857142857145,0.006513308673423442,241
892664cc48bffff,76.0,33.0,109.0,0.0004742594964901446,489.24597069597075,0.018959049909141778,242
892664cc953ffff,62.0,46.0,108.0,0.00047524872012236175,0.0,0.0,243
892664c1677ffff,106.0,0.0,106.0,0.0004747526019373889,0.0,0.0,244
892664ca013ffff,77.0,25.0,102.0,0.00047271659406506996,297.402380952381,0.01152480944411838,245
892664cac63ffff,98.0,0.0,98.0,0.0004763055133716496,0.0,0.0,246
892759369a7ffff,6.0,89.0,95.0,0.0004683254432436959,209.831818181818,0.008131312574278118,247
892664c12d7ffff,95.0,0.0,95.0,0.00047474690959399513,0.0,0.0,248
892664ca54fffff,94.0,0.0,94.0,0.00047428202691750346,0.0,0.0,249
89266456253ffff,45.0,47.0,92.0,0.0004725256503525429,137.99090909090907,0.0053473644938573164,250
892664c12dbffff,92.0,0.0,92.0,0.00047468387799870753,0.0,0.0,251
89275936bb3ffff,91.0,0.0,91.0,0.00047396740929387304,0.0,0.0,252
892664cc62fffff,32.0,58.0,90.0,0.00047224646751905207,1085.7803724053724,0.042075695056857695,253
892664cca5bffff,76.0,11.0,87.0,0.0004767216284074053,851.5971611721618,0.03300072774882321,254
892664cceb7ffff,57.0,29.0,86.0,0.0004742906699919987,387.69603174603157,0.015023830252486456,255
892664cea07ffff,63.0,22.0,85.0,0.00047215379716088635,205.92957875457878,0.007980094666538979,256
892664c16dbffff,84.0,0.0,84.0,0.0004739345908809109,0.0,0.0,257
892664d8aabffff,50.0,34.0,84.0,0.00047405944720602464,0.0,0.0,258
892664c1663ffff,74.0,10.0,84.0,0.0004730855369993539,98.91233766233768,0.0038330084634166373,259
892664ca1cfffff,82.0,0.0,82.0,0.00047347182221678136,0.0,0.0,260
892664cc5c7ffff,61.0,21.0,82.0,0.0004709627528009491,0.0,0.0,261
892664ca10fffff,81.0,0.0,81.0,0.0004732807644241662,0.0,0.0,262
892664d8847ffff,75.0,5.0,80.0,0.0004727240540046014,53.529761904761905,0.002074362362418972,263
892664cac83ffff,79.0,0.0,79.0,0.0004746752064614351,0.0,0.0,264
892664cf413ffff,76.0,0.0,76.0,0.0004727499797221014,0.0,0.0,265
892664ca51bffff,75.0,0.0,75.0,0.0004726814001562274,0.0,0.0,266
892664ccb67ffff,42.0,32.0,74.0,0.0004732109715742506,25.250000000000004,0.000978477164614843,267
892664ca597ffff,74.0,0.0,74.0,0.00047325333312176675,0.0,0.0,268
892664cf10fffff,48.0,26.0,74.0,0.0004753252753709468,1256.3852924852922,0.048686903709100934,269
892664cc4c3ffff,34.0,40.0,74.0,0.0004716120046291096,199.7123015873015,0.00773916540973652,270
892664d8c1bffff,74.0,0.0,74.0,0.0004725766395319119,0.0,0.0,271
892664cf52fffff,49.0,24.0,73.0,0.0004710816439493104,228.88333333333333,0.008869588713964115,272
892664d8e6bffff,27.0,44.0,71.0,0.00047001162219750136,197.30396825396824,0.007645838709877219,273
892664ca1a3ffff,71.0,0.0,71.0,0.00047352100771281457,0.0,0.0,274
892664cf003ffff,68.0,0.0,68.0,0.0004719964555394587,0.0,0.0,275
892664cc303ffff,55.0,12.0,67.0,0.00047182108161028654,509.8833333333334,0.01975878013007385,276
892664c1643ffff,60.0,6.0,66.0,0.000472325233126578,128.03333333333333,0.00496149279113612,277
892664d88b3ffff,65.0,0.0,65.0,0.00047406260157698286,0.0,0.0,278
892664c166bffff,65.0,0.0,65.0,0.0004719765261988539,0.0,0.0,279
892664ca483ffff,62.0,0.0,62.0,0.00047220006060643316,0.0,0.0,280
892664cf527ffff,35.0,27.0,62.0,0.000470425136377953,253.83333333333337,0.009836440407316209,281
892664c16c7ffff,56.0,6.0,62.0,0.00047140643645166653,30.133333333333333,0.0011677140023918387,282
892664cf53bffff,44.0,17.0,61.0,0.00047274409903383136,2061.7976190476184,0.07989789656615237,283
892664cea4fffff,45.0,15.0,60.0,0.0004726960539488665,2254.221403596403,0.08735462049129107,284
892664d8e37ffff,39.0,21.0,60.0,0.00047081798042794104,8.179761904761905,0.000316978623199839,285
892664ce34fffff,42.0,17.0,59.0,0.0004702828620886959,2009.2713675213674,0.0778624218072909,286
892664cc4a7ffff,52.0,6.0,58.0,0.0004707793894088834,65.9127344877345,0.002554222002121561,287
892664cab07ffff,57.0,0.0,57.0,0.0004709177471327223,0.0,0.0,288
892664cc687ffff,46.0,10.0,56.0,0.00047384263899769794,768.5607142857141,0.029782934992025497,289
892664d8cc7ffff,29.0,26.0,55.0,0.0004700010594546075,205.2520202020202,0.007953838208266976,290
892664c160fffff,36.0,17.0,53.0,0.00047015399137368227,0.0,0.0,291
892664d8a83ffff,36.0,15.0,51.0,0.00047036965232401354,543.125,0.02104694693193808,292
892664cc363ffff,34.0,16.0,50.0,0.00047036576756273504,79.4006105006105,0.0030768983853990046,293
892664ca903ffff,50.0,0.0,50.0,0.00047169887068809773,0.0,0.0,294
892664d8b17ffff,49.0,0.0,49.0,0.00047075660400182524,0.0,0.0,295
892664cacdbffff,49.0,0.0,49.0,0.00047128666375517557,0.0,0.0,296
892664d8c7bffff,35.0,13.0,48.0,0.00047041365288449466,0.0,0.0,297
892664ca937ffff,42.0,6.0,48.0,0.0004708549796090115,0.0,0.0,298
892664d8c27ffff,47.0,0.0,47.0,0.00047110352776689215,0.0,0.0,299
892664d8ba3ffff,38.0,8.0,46.0,0.00047004480298746507,0.0,0.0,300
892664cc48fffff,10.0,32.0,42.0,0.0004699001957473393,658.0428932178932,0.025500195815872942,301
892664d83b7ffff,10.0,32.0,42.0,0.00046873830760432115,487.3389610389611,0.018885150289257267,302
892664cc573ffff,41.0,0.0,41.0,0.00046934278120154934,0.0,0.0,303
892664cac47ffff,40.0,0.0,40.0,0.0004712104417684216,0.0,0.0,304
892664d8b0bffff,38.0,0.0,38.0,0.0004704102208198009,0.0,0.0,305
89275936983ffff,37.0,0.0,37.0,0.00047088756505056034,0.0,0.0,306
892664d8b1bffff,37.0,0.0,37.0,0.00047000506433520124,0.0,0.0,307
892664ca883ffff,36.0,0.0,36.0,0.0004701108802597036,0.0,0.0,308
892664cf66bffff,36.0,0.0,36.0,0.00047031736081478716,0.0,0.0,309
892664ca673ffff,18.0,18.0,36.0,0.0004690782102344023,404.6506105006104,0.01568084681276445,310
892664ca107ffff,36.0,0.0,36.0,0.0004705916936945974,0.0,0.0,311
892664d9d77ffff,33.0,0.0,33.0,0.00046985357248798383,0.0,0.0,312
892664cc3bbffff,15.0,18.0,33.0,0.00046894720235787497,71.66666666666669,0.0027771959127682014,313
892664ca123ffff,32.0,0.0,32.0,0.00047027160105224365,0.0,0.0,314
892664d9b27ffff,30.0,0.0,30.0,0.00047020180339407913,0.0,0.0,315
892664d8e57ffff,23.0,5.0,28.0,0.00046931075563751314,366.8773809523809,0.014217074830717037,316
8927593697bffff,10.0,18.0,28.0,0.0004710294114879912,0.0,0.0,317
892664d8813ffff,23.0,5.0,28.0,0.00046973094344565614,0.0,0.0,318
892664ce2c7ffff,15.0,12.0,27.0,0.0004704280252522032,326.9095238095239,0.01266825758189035,319
892664cf457ffff,27.0,0.0,27.0,0.0004698696853164776,0.0,0.0,320
892664529dbffff,26.0,0.0,26.0,0.00046969262130904535,0.0,0.0,321
892664d8c23ffff,17.0,8.0,25.0,0.00046914735870406054,0.0,0.0,322
892664cac6bffff,25.0,0.0,25.0,0.0004694685917573296,0.0,0.0,323
892664d88a7ffff,9.0,16.0,25.0,0.0004685726843530755,0.0,0.0,324
892664d8c6fffff,13.0,11.0,24.0,0.00046910635010400905,0.0,0.0,325
892664cced3ffff,24.0,0.0,24.0,0.0004696876188403866,0.0,0.0,326
892664d8e03ffff,19.0,5.0,24.0,0.0004691224976480582,394.90238095238084,0.01530308760451232,327
892664562bbffff,0.0,23.0,23.0,0.00046808876888502436,0.0,0.0,328
892664ca567ffff,23.0,0.0,23.0,0.0004694179487773167,0.0,0.0,329
89266456293ffff,23.0,0.0,23.0,0.0004754161925960261,0.0,0.0,330
892664cf023ffff,22.0,0.0,22.0,0.00047113601644310115,0.0,0.0,331
892664cc1afffff,14.0,7.0,21.0,0.0004722056685291779,0.0,0.0,332
8926645663bffff,21.0,0.0,21.0,0.000469617341527827,0.0,0.0,333
892664ccc2bffff,7.0,14.0,21.0,0.00046869702343101116,0.0,0.0,334
892664caea3ffff,20.0,0.0,20.0,0.00046919702349644353,0.0,0.0,335
892664d8b37ffff,20.0,0.0,20.0,0.0004693848443631356,0.0,0.0,336
892664d99cfffff,14.0,5.0,19.0,0.0004690667047618548,299.0841991341991,0.01158998254059137,337
892664d8133ffff,12.0,7.0,19.0,0.0004688207058700563,0.0,0.0,338
892664ccd37ffff,5.0,13.0,18.0,0.0004683576108117194,0.0,0.0,339
892664cc56fffff,10.0,8.0,18.0,0.0004689577039507198,0.0,0.0,340
892664cce1bffff,11.0,6.0,17.0,0.00046868938911102953,0.0,0.0,341
892664c8b77ffff,0.0,17.0,17.0,0.00046808876888502436,0.0,0.0,342
892664d98cfffff,0.0,17.0,17.0,0.00046808876888502436,0.0,0.0,343
892664d997bffff,12.0,5.0,17.0,0.0004689462043840714,81.70238095238095,0.003166095606200691,344
892664cae2fffff,15.0,0.0,15.0,0.0004688952946651105,0.0,0.0,345
892664cc337ffff,9.0,6.0,15.0,0.00047073534722769447,0.0,0.0,346
892664564abffff,7.0,8.0,15.0,0.0004682922364765948,0.0,0.0,347
892664ce2cfffff,15.0,0.0,15.0,0.0004692801371171492,0.0,0.0,348
892664d8bc3ffff,14.0,0.0,14.0,0.00046880176069086254,0.0,0.0,349
892664d8a0fffff,13.0,0.0,13.0,0.0004689756433431873,0.0,0.0,350
892664cf3bbffff,13.0,0.0,13.0,0.0004687407174629638,0.0,0.0,351
892664ca0a7ffff,13.0,0.0,13.0,0.0004688349674579638,0.0,0.0,352
892664ca0d3ffff,13.0,0.0,13.0,0.0004689018826231987,0.0,0.0,353
892664cf5cfffff,13.0,0.0,13.0,0.00046921838447042927,0.0,0.0,354
892664c8b6fffff,0.0,13.0,13.0,0.00046808876888502436,0.0,0.0,355
892664cc5abffff,13.0,0.0,13.0,0.00046879668608481835,0.0,0.0,356
892664ca537ffff,13.0,0.0,13.0,0.00046872897151739574,0.0,0.0,357
89266452c07ffff,13.0,0.0,13.0,0.00046846663726936977,0.0,0.0,358
892664ca1c7ffff,12.0,0.0,12.0,0.00046881764017647927,0.0,0.0,359
892664ca9abffff,12.0,0.0,12.0,0.0004687416422437099,0.0,0.0,360
892664cd52fffff,0.0,12.0,12.0,0.00046808876888502436,0.0,0.0,361
892664cf247ffff,0.0,11.0,11.0,0.00046808876888502436,0.0,0.0,362
892664d8b5bffff,11.0,0.0,11.0,0.0004685383888833417,0.0,0.0,363
892664c8d23ffff,11.0,0.0,11.0,0.00046852267187592276,0.0,0.0,364
89266456503ffff,6.0,5.0,11.0,0.00046851608319558436,0.0,0.0,365
892664ca5a7ffff,11.0,0.0,11.0,0.0004688007231313676,0.0,0.0,366
892664d8d6bffff,5.0,5.0,10.0,0.000468452714752358,0.0,0.0,367
892664d81b7ffff,5.0,5.0,10.0,0.000468452714752358,452.63571428571436,0.01754034496307722,368
892664cce77ffff,5.0,5.0,10.0,0.000468452714752358,253.08419913419903,0.009807410280302943,369
892664ca4afffff,10.0,0.0,10.0,0.0004687215566790537,0.0,0.0,370
892664d9b43ffff,10.0,0.0,10.0,0.0004687279339579008,0.0,0.0,371
892664cc4afffff,10.0,0.0,10.0,0.00046837943687298245,0.0,0.0,372
892664ca88bffff,10.0,0.0,10.0,0.0004685752084398353,0.0,0.0,373
892664ca44fffff,10.0,0.0,10.0,0.0004687279339579008,0.0,0.0,374
892664d8a4fffff,9.0,0.0,9.0,0.0004683503700741866,0.0,0.0,375
892664c8073ffff,0.0,8.0,8.0,0.00046808876888502436,0.0,0.0,376
892664cc0b3ffff,8.0,0.0,8.0,0.0004685465420788866,0.0,0.0,377
892664cc103ffff,8.0,0.0,8.0,0.0004686710822727587,0.0,0.0,378
892664cc803ffff,7.0,0.0,7.0,0.000468566316670189,0.0,0.0,379
892664cc1b7ffff,7.0,0.0,7.0,0.00047014721870710215,0.0,0.0,380
892664cc453ffff,7.0,0.0,7.0,0.000468566316670189,0.0,0.0,381
892664cd937ffff,0.0,7.0,7.0,0.00046808876888502436,0.0,0.0,382
89266452513ffff,7.0,0.0,7.0,0.00046829223647659496,0.0,0.0,383
892664ca427ffff,7.0,0.0,7.0,0.00046829223647659496,0.0,0.0,384
892664ca14fffff,6.0,0.0,6.0,0.00046852550392582513,0.0,0.0,385
892664d8c53ffff,6.0,0.0,6.0,0.00046852550392582513,0.0,0.0,386
892664ca18bffff,6.0,0.0,6.0,0.00046852550392582513,0.0,0.0,387
89266452133ffff,6.0,0.0,6.0,0.00046826316967779917,0.0,0.0,388
892664ca2d7ffff,6.0,0.0,6.0,0.00046832544324369626,0.0,0.0,389
892664ca027ffff,6.0,0.0,6.0,0.00046852550392582513,0.0,0.0,390
892664cce93ffff,0.0,6.0,6.0,0.00046808876888502436,0.0,0.0,391
892664ccc83ffff,6.0,0.0,6.0,0.0004698531544468053,0.0,0.0,392
892664ca84fffff,6.0,0.0,6.0,0.0004684113791970588,0.0,0.0,393
892664cea0bffff,0.0,6.0,6.0,0.00046808876888502436,0.0,0.0,394
8926641962fffff,0.0,6.0,6.0,0.00046808876888502436,0.0,0.0,395
892664ca6afffff,5.0,0.0,5.0,0.0004684298744458563,0.0,0.0,396
892664cc28bffff,0.0,5.0,5.0,0.00046808876888502436,0.0,0.0,397
892664cc433ffff,5.0,0.0,5.0,0.0004687240609451964,0.0,0.0,398
892664cf467ffff,0.0,5.0,5.0,0.00046808876888502436,0.0,0.0,399
892664ce247ffff,0.0,5.0,5.0,0.00046808876888502436,0.0,0.0,400
892664cd447ffff,0.0,5.0,5.0,0.00046808876888502436,0.0,0.0,401
892664cc393ffff,0.0,5.0,5.0,0.00046808876888502436,0.0,0.0,402
892664cac0bffff,5.0,0.0,5.0,0.00046835761081171975,0.0,0.0,403
892664ca613ffff,5.0,0.0,5.0,0.00046835761081171975,0.0,0.0,404
892664ca5b3ffff,5.0,0.0,5.0,0.0004684527147523583,0.0,0.0,405
892664cf0a7ffff,5.0,0.0,5.0,0.0004684527147523583,0.0,0.0,406
892664d8b6bffff,5.0,0.0,5.0,0.0004682341028790034,0.0,0.0,407
892664d8b23ffff,5.0,0.0,5.0,0.0004682341028790034,0.0,0.0,408
8926641b28fffff,0.0,5.0,5.0,0.00046808876888502436,0.0,0.0,409
892664d9e77ffff,5.0,0.0,5.0,0.0004684527147523583,0.0,0.0,410
892664ce267ffff,5.0,0.0,5.0,0.0004685232364178724,0.0,0.0,411
892664cca2bffff,5.0,0.0,5.0,0.0004685232364178724,0.0,0.0,412
892664d98a3ffff,5.0,0.0,5.0,0.00046836398809056685,0.0,0.0,413
892664d8c03ffff,0.0,5.0,5.0,0.00046808876888502436,0.0,0.0,414
